ds,y,yhat_prophet,train
2015-07-02,93.135,89.21845917010691,True
2015-07-03,84.486,84.32041974612055,True
2015-07-04,74.337,73.54539519681104,True
2015-07-05,70.692,68.71653205315617,True
2015-07-06,79.813,77.52105511106144,True
2015-07-07,80.487,79.70128686793967,True
2015-07-08,77.819,79.96839750711199,True
2015-07-09,77.551,79.95457533693882,True
2015-07-10,77.618,79.17658751122589,True
2015-07-11,74.188,76.32634787012711,True
2015-07-12,74.887,77.79506723393291,True
2015-07-13,87.895,88.78567938234482,True
2015-07-14,87.634,88.0919376383373,True
2015-07-15,86.326,86.74223282471274,True
2015-07-16,87.533,87.43793868671705,True
2015-07-17,87.836,89.40596383676166,True
2015-07-18,74.173,79.70633989064218,True
2015-07-19,85.076,86.57601395834354,True
2015-07-20,97.677,95.17997228155261,True
2015-07-21,92.393,91.38594279040632,True
2015-07-22,90.692,91.40349710170754,True
2015-07-23,89.53,91.61123910182198,True
2015-07-24,94.053,95.613094398341,True
2015-07-25,88.759,90.63839264186667,True
2015-07-26,82.274,84.1586880502884,True
2015-07-27,89.502,90.03253630499617,True
2015-07-28,92.792,93.87708280961458,True
2015-07-29,93.37,93.60601441470635,True
2015-07-30,96.77,97.42885453812227,True
2015-07-31,98.945,97.604505332077,True
2015-08-01,87.918,86.44936295902298,True
2015-08-02,84.104,85.36989825270237,True
2015-08-03,94.237,94.09440489375373,True
2015-08-04,97.204,99.70666151225338,True
2015-08-05,100.933,102.70149815173194,True
2015-08-06,96.685,97.41837595456094,True
2015-08-07,89.672,88.80806653058183,True
2015-08-08,79.891,82.33508988897854,True
2015-08-09,74.317,76.8788252201953,True
2015-08-10,83.264,85.22940992487932,True
2015-08-11,85.327,88.082658087766,True
2015-08-12,92.133,98.88589345654117,True
2015-08-13,101.398,105.31311464197697,True
2015-08-14,106.463,106.80885106532772,True
2015-08-15,103.021,102.99436324102818,True
2015-08-16,100.209,98.129981292581,True
2015-08-17,105.693,95.69969233065399,True
2015-08-18,97.438,92.66707842567749,True
2015-08-19,93.175,90.75163633605703,True
2015-08-20,90.937,89.9674729904257,True
2015-08-21,88.052,89.28442823841665,True
2015-08-22,83.049,84.87081836689201,True
2015-08-23,83.626,85.14540069617881,True
2015-08-24,98.877,96.8944214727257,True
2015-08-25,97.07,98.95965859722787,True
2015-08-26,107.077,105.02267468819045,True
2015-08-27,110.321,105.8872273167074,True
2015-08-28,113.526,108.20227033577792,True
2015-08-29,104.65,100.06572678764434,True
2015-08-30,97.098,91.75246410827218,True
2015-08-31,98.624,94.69859601870529,True
2015-09-01,93.05,93.19875776428115,True
2015-09-02,90.007,91.99120587713267,True
2015-09-03,85.189,89.71312142417487,True
2015-09-04,82.032,89.7330414206845,True
2015-09-05,76.881,85.30864546628857,True
2015-09-06,78.319,88.85166810956551,True
2015-09-07,90.777,104.56334760381894,True
2015-09-08,112.522,111.39401177490797,True
2015-09-09,123.748,115.89047002148068,True
2015-09-10,122.058,111.64811912481132,True
2015-09-11,117.805,108.48401556371036,True
2015-09-12,99.143,98.6806236858612,True
2015-09-13,96.2,92.59208465665847,True
2015-09-14,99.284,93.60950289837591,True
2015-09-15,94.864,91.71111341892384,True
2015-09-16,86.414,88.36974359617206,True
2015-09-17,86.177,89.47259452874926,True
2015-09-18,90.733,95.04936470309885,True
2015-09-19,90.884,93.30885957490202,True
2015-09-20,98.984,98.66129004735718,True
2015-09-21,104.33,97.09743035779337,True
2015-09-22,97.976,93.19930810133641,True
2015-09-23,98.115,95.66330857004489,True
2015-09-24,103.324,99.25235726129742,True
2015-09-25,105.513,99.91689952600998,True
2015-09-26,98.855,93.70424294260026,True
2015-09-27,89.861,87.782657627424,True
2015-09-28,97.4,93.44725745226282,True
2015-09-29,92.544,91.45454380525987,True
2015-09-30,94.892,94.88837113556822,True
2015-10-01,92.659,91.78796107230983,True
2015-10-02,89.198,87.75047230354154,True
2015-10-03,79.623,79.46065532594459,True
2015-10-04,69.234,68.87176931914526,True
2015-10-05,77.994,78.03716108350962,True
2015-10-06,79.901,81.32588897112839,True
2015-10-07,85.015,86.79801130481792,True
2015-10-08,94.054,96.16907757503179,True
2015-10-09,105.436,104.6832470779777,True
2015-10-10,100.429,95.81121907771367,True
2015-10-11,96.806,92.75595560680114,True
2015-10-12,106.473,100.05100871745998,True
2015-10-13,111.076,98.97849958736192,True
2015-10-14,103.268,94.69430169639791,True
2015-10-15,97.771,88.75430115300767,True
2015-10-16,88.688,84.91065175120666,True
2015-10-17,83.489,81.40733561526444,True
2015-10-18,76.161,75.4544745165014,True
2015-10-19,80.757,81.90008686905661,True
2015-10-20,80.061,84.41028757495084,True
2015-10-21,82.799,90.54512608952538,True
2015-10-22,82.196,82.74467073237393,True
2015-10-23,82.632,85.8822925188497,True
2015-10-24,75.933,80.89137685220011,True
2015-10-25,70.584,71.75259593920029,True
2015-10-26,81.681,81.12020089515427,True
2015-10-27,78.807,81.14722794484399,True
2015-10-28,80.981,82.95342174744437,True
2015-10-29,79.848,82.57735286854965,True
2015-10-30,79.736,86.0048732130346,True
2015-10-31,73.878,76.55987132038408,True
2015-11-01,72.912,71.24797624073726,True
2015-11-02,75.644,71.34719359677607,True
2015-11-03,71.179,73.1932061136779,True
2015-11-04,71.276,74.98651313903311,True
2015-11-05,72.086,74.6690512480328,True
2015-11-06,72.513,76.37693069537411,True
2015-11-07,66.685,69.9268592081563,True
2015-11-08,64.257,65.41435806970482,True
2015-11-09,72.65,69.44177157780561,True
2015-11-10,72.85,73.35097758491519,True
2015-11-11,72.561,76.22805836186087,True
2015-11-12,73.946,77.25362323919956,True
2015-11-13,73.258,77.17554978547966,True
2015-11-14,67.087,68.56083747755564,True
2015-11-15,64.655,62.57432726001138,True
2015-11-16,73.596,71.3224514290082,True
2015-11-17,74.622,73.43308701681437,True
2015-11-18,74.667,75.33349410035564,True
2015-11-19,75.111,76.30889972445696,True
2015-11-20,75.973,76.33954562442807,True
2015-11-21,70.356,70.84313386163284,True
2015-11-22,67.115,65.65282715078824,True
2015-11-23,74.041,72.86720330693996,True
2015-11-24,73.15,70.68941513155708,True
2015-11-25,71.81,71.92281637075004,True
2015-11-26,64.633,73.54809533684123,True
2015-11-27,66.538,72.46468556874186,True
2015-11-28,66.396,66.63629218825675,True
2015-11-29,65.385,63.87431713550601,True
2015-11-30,75.318,75.24659776483453,True
2015-12-01,75.733,77.08794933180063,True
2015-12-02,75.729,75.89400106488324,True
2015-12-03,74.603,74.0512218958932,True
2015-12-04,74.894,73.92094159979803,True
2015-12-05,68.412,69.97100201163272,True
2015-12-06,65.548,65.19812257590716,True
2015-12-07,74.993,77.38391381389793,True
2015-12-08,75.982,76.96645376620575,True
2015-12-09,74.663,74.61936071144898,True
2015-12-10,74.095,70.96784608830546,True
2015-12-11,73.645,72.11716553627772,True
2015-12-12,68.767,65.30730301184298,True
2015-12-13,66.657,66.08627965572599,True
2015-12-14,76.555,77.69556313011094,True
2015-12-15,78.41,78.49725413092422,True
2015-12-16,79.091,80.64092717935752,True
2015-12-17,78.931,78.86290386132669,True
2015-12-18,76.73,76.81925484009517,True
2015-12-19,70.833,69.90551853242611,True
2015-12-20,69.01,68.04001268974278,True
2015-12-21,76.836,74.9566121043808,True
2015-12-22,75.957,70.50790838053959,True
2015-12-23,73.172,71.7872258654009,True
2015-12-24,70.554,74.76962843621065,True
2015-12-25,66.017,77.36780385233524,True
2015-12-26,68.81,67.8982198275209,True
2015-12-27,69.67,71.33270284346409,True
2015-12-28,78.524,81.42692993244172,True
2015-12-29,77.611,78.2680117857012,True
2015-12-30,77.392,79.3486812158135,True
2015-12-31,73.757,77.27393504400916,True
2016-01-01,67.698,75.45612982478724,True
2016-01-02,67.622,67.42240370832135,True
2016-01-03,67.561,64.33883388307353,True
2016-01-04,73.19,68.27553717034381,True
2016-01-05,76.782,71.59444145263282,True
2016-01-06,79.809,78.61872426349956,True
2016-01-07,76.969,75.73551367688007,True
2016-01-08,76.147,74.12199315197246,True
2016-01-09,71.366,70.08837629562768,True
2016-01-10,67.183,62.93254469617625,True
2016-01-11,74.925,73.54998486968069,True
2016-01-12,75.877,78.3347127078056,True
2016-01-13,76.564,76.63333448347744,True
2016-01-14,74.705,75.58009588063862,True
2016-01-15,74.439,73.59598248184909,True
2016-01-16,66.476,65.75653527304418,True
2016-01-17,63.569,65.35466902990018,True
2016-01-18,70.785,71.53773676680025,True
2016-01-19,73.324,71.75028331840419,True
2016-01-20,72.534,71.52897233853024,True
2016-01-21,71.846,76.60606211151925,True
2016-01-22,72.634,74.6599465410185,True
2016-01-23,67.267,65.18139431901226,True
2016-01-24,65.007,62.542365671104676,True
2016-01-25,73.59,73.51107080282684,True
2016-01-26,74.553,75.41983191197559,True
2016-01-27,75.452,75.02170397213642,True
2016-01-28,74.841,75.88699480784086,True
2016-01-29,73.462,71.87123684606493,True
2016-01-30,66.932,63.85499481776606,True
2016-01-31,66.639,65.42037000839072,True
2016-02-01,76.635,77.95248090154553,True
2016-02-02,78.045,76.89988443903383,True
2016-02-03,77.184,75.86111107696519,True
2016-02-04,76.06,75.94098461486526,True
2016-02-05,74.142,75.91625973322131,True
2016-02-06,66.006,68.04920160916083,True
2016-02-07,63.651,71.00057661643045,True
2016-02-08,74.443,79.16404655493146,True
2016-02-09,76.196,79.16286359372405,True
2016-02-10,76.686,77.52125231031057,True
2016-02-11,76.577,76.76473338126888,True
2016-02-12,75.383,76.11052590314267,True
2016-02-13,66.958,66.12691079193182,True
2016-02-14,64.659,71.35469575718663,True
2016-02-15,75.115,80.11851163494075,True
2016-02-16,79.348,79.29681898305095,True
2016-02-17,73.662,69.8266866405665,True
2016-02-18,72.201,68.95752866250044,True
2016-02-19,71.705,71.00396369610611,True
2016-02-20,65.765,66.11180124303272,True
2016-02-21,62.921,65.51376417836657,True
2016-02-22,72.675,78.49142931004569,True
2016-02-23,73.881,76.91772108061576,True
2016-02-24,73.663,76.02115250689707,True
2016-02-25,73.874,77.6713092710534,True
2016-02-26,72.825,75.34246246152205,True
2016-02-27,66.142,66.35634041132349,True
2016-02-28,64.277,65.37849631183076,True
2016-02-29,73.52,74.27598963559721,True
2016-03-01,74.271,75.65572327594299,True
2016-03-02,74.335,73.5173637557554,True
2016-03-03,73.799,72.8119960391627,True
2016-03-04,72.575,71.73630799487725,True
2016-03-05,67.989,61.46306999115832,True
2016-03-06,64.217,61.44054618168413,True
2016-03-07,72.979,74.84836581716418,True
2016-03-08,73.46,73.7183285872762,True
2016-03-09,74.452,73.51947208041892,True
2016-03-10,75.637,75.10931394328664,True
2016-03-11,73.896,71.33593017724402,True
2016-03-12,69.144,68.09932390619531,True
2016-03-13,64.827,62.288957631150836,True
2016-03-14,73.798,70.52890040459603,True
2016-03-15,75.318,77.49685123430011,True
2016-03-16,77.698,80.17921687438236,True
2016-03-17,77.087,76.4622122566483,True
2016-03-18,74.416,71.74357014953962,True
2016-03-19,66.382,64.89587866116328,True
2016-03-20,63.217,63.13300726038787,True
2016-03-21,72.633,70.23452842960472,True
2016-03-22,71.777,70.98530150428073,True
2016-03-23,73.162,74.17259774212594,True
2016-03-24,73.99,79.04294378102941,True
2016-03-25,72.529,74.20584583352098,True
2016-03-26,66.806,66.61027624365357,True
2016-03-27,63.792,61.62662022894802,True
2016-03-28,70.451,68.17534503588656,True
2016-03-29,70.531,75.32089505516574,True
2016-03-30,70.884,73.60362629354833,True
2016-03-31,71.046,76.1410935047861,True
2016-04-01,71.619,73.12466303757446,True
2016-04-02,67.759,70.36944210277517,True
2016-04-03,66.082,68.876877514576,True
2016-04-04,75.591,76.20180274898563,True
2016-04-05,79.248,81.36106636145009,True
2016-04-06,79.38,77.16230007551198,True
2016-04-07,73.758,68.35986265087917,True
2016-04-08,73.603,66.24380856783608,True
2016-04-09,67.256,59.46965708242364,True
2016-04-10,64.132,59.77924703280854,True
2016-04-11,72.553,69.11707074674628,True
2016-04-12,73.229,71.01265130383042,True
2016-04-13,72.826,70.09063492120413,True
2016-04-14,72.464,71.22583126590398,True
2016-04-15,72.319,73.22115837509008,True
2016-04-16,69.715,72.23853778647324,True
2016-04-17,70.112,72.17323925789282,True
2016-04-18,80.103,80.23687480362203,True
2016-04-19,82.461,82.54655719997557,True
2016-04-20,81.664,80.71297136626326,True
2016-04-21,79.533,76.2370138692273,True
2016-04-22,76.844,70.8946323382948,True
2016-04-23,68.971,68.72027977744746,True
2016-04-24,65.718,62.90598102926095,True
2016-04-25,71.368,70.29350601131817,True
2016-04-26,71.914,73.36631330799612,True
2016-04-27,72.139,72.40259496785688,True
2016-04-28,71.994,72.47851245014728,True
2016-04-29,71.615,71.9148277856633,True
2016-04-30,64.962,65.00736436073733,True
2016-05-01,63.517,63.90002506693291,True
2016-05-02,74.421,77.1447576433114,True
2016-05-03,77.887,78.81708567513988,True
2016-05-04,74.423,72.41458864047429,True
2016-05-05,73.726,70.54222331819943,True
2016-05-06,72.489,70.92680722457564,True
2016-05-07,66.229,65.31783838644768,True
2016-05-08,63.877,63.929916130218395,True
2016-05-09,72.914,72.57670814623077,True
2016-05-10,73.775,74.48396700393404,True
2016-05-11,75.812,75.72180472478463,True
2016-05-12,78.68,79.70485621949618,True
2016-05-13,77.802,77.46108290407234,True
2016-05-14,68.468,66.28797982395682,True
2016-05-15,64.61,63.25663405466039,True
2016-05-16,74.084,71.90594958463895,True
2016-05-17,75.913,74.11344105510597,True
2016-05-18,76.333,74.26118398705512,True
2016-05-19,75.742,72.19173154424418,True
2016-05-20,71.912,70.68853165768394,True
2016-05-21,64.219,65.45302875331426,True
2016-05-22,63.054,65.22666779212166,True
2016-05-23,71.923,72.16621685754588,True
2016-05-24,72.864,71.77395092628878,True
2016-05-25,71.866,71.46405171048983,True
2016-05-26,73.946,73.9776561948788,True
2016-05-27,74.846,74.63026376771964,True
2016-05-28,66.154,65.71178799043581,True
2016-05-29,61.826,62.51529869200992,True
2016-05-30,64.512,72.92768887299492,True
2016-05-31,73.729,74.3938821024464,True
2016-06-01,77.011,75.55441452106461,True
2016-06-02,84.64,85.12047614773834,True
2016-06-03,90.485,88.85750032495784,True
2016-06-04,82.331,80.21691171572962,True
2016-06-05,70.634,68.76617881919282,True
2016-06-06,75.091,75.59912822131172,True
2016-06-07,76.109,77.51158341992716,True
2016-06-08,80.568,80.53723137780236,True
2016-06-09,79.768,78.48475274188979,True
2016-06-10,78.938,79.78119887197124,True
2016-06-11,69.184,67.1223938075249,True
2016-06-12,65.015,66.60535974574884,True
2016-06-13,73.992,75.95169896379787,True
2016-06-14,74.367,77.55071119544652,True
2016-06-15,74.734,78.12474621182608,True
2016-06-16,76.778,82.94194084021717,True
2016-06-17,81.403,90.71629655552785,True
2016-06-18,84.543,92.5038386571136,True
2016-06-19,95.685,100.89278630049958,True
2016-06-20,119.921,114.40153410793584,True
2016-06-21,109.709,97.54623451465142,True
2016-06-22,98.925,92.77322023710917,True
2016-06-23,93.754,88.79350754693611,True
2016-06-24,89.252,86.44306590777464,True
2016-06-25,81.012,82.61363759354556,True
2016-06-26,83.132,84.5406412135956,True
2016-06-27,101.994,97.51263351019843,True
2016-06-28,101.075,95.96964554970347,True
2016-06-29,101.8,95.9060966816025,True
2016-06-30,98.809,91.35515298257233,True
2016-07-01,92.861,88.39856331586346,True
2016-07-02,80.352,80.14528484018187,True
2016-07-03,73.529,75.1722226988963,True
2016-07-04,72.369,83.29853549163292,True
2016-07-05,82.978,85.711800163551,True
2016-07-06,83.625,85.33389232764573,True
2016-07-07,85.669,87.72223544651774,True
2016-07-08,86.983,88.76477905236479,True
2016-07-09,83.378,85.96440216025972,True
2016-07-10,81.326,82.56951020098845,True
2016-07-11,89.261,89.89789582475993,True
2016-07-12,89.69,90.74078306277923,True
2016-07-13,92.895,94.01587761287333,True
2016-07-14,94.014,94.19335500131216,True
2016-07-15,92.037,92.37376307411878,True
2016-07-16,82.139,84.10331075155608,True
2016-07-17,77.337,81.43978516033958,True
2016-07-18,90.219,92.91992556176425,True
2016-07-19,95.01,99.61941683213233,True
2016-07-20,101.023,105.80286832411919,True
2016-07-21,104.996,107.84675300887419,True
2016-07-22,112.016,110.2948688006059,True
2016-07-23,101.569,99.46301867142412,True
2016-07-24,93.545,94.47939263822018,True
2016-07-25,106.877,103.24798278634495,True
2016-07-26,109.108,105.66284055069417,True
2016-07-27,107.113,105.5203134368512,True
2016-07-28,106.463,103.56380884427034,True
2016-07-29,106.998,104.1602974885192,True
2016-07-30,99.463,93.83919580125686,True
2016-07-31,93.404,89.47394214117746,True
2016-08-01,101.264,96.50066975290649,True
2016-08-02,97.658,94.72804335739156,True
2016-08-03,96.271,95.06731171273084,True
2016-08-04,95.416,94.2667394090464,True
2016-08-05,92.863,91.50318623177793,True
2016-08-06,83.932,83.04443204568655,True
2016-08-07,80.973,80.62968647943191,True
2016-08-08,91.928,89.04785750837478,True
2016-08-09,92.207,91.07237040124507,True
2016-08-10,90.175,89.82389425513068,True
2016-08-11,90.132,90.39993773277479,True
2016-08-12,91.034,91.64539941399437,True
2016-08-13,90.138,90.3149722107227,True
2016-08-14,93.478,94.43363938084644,True
2016-08-15,105.496,102.58335675437115,True
2016-08-16,100.338,99.82564429562241,True
2016-08-17,96.17,98.00266923349534,True
2016-08-18,91.284,91.86531571475476,True
2016-08-19,91.198,92.1294542883241,True
2016-08-20,81.4,83.0333614137711,True
2016-08-21,81.115,83.88981653201374,True
2016-08-22,92.138,91.4622653868016,True
2016-08-23,92.015,92.72550796047025,True
2016-08-24,91.706,92.62051865692557,True
2016-08-25,86.866,87.68726081509384,True
2016-08-26,82.631,84.5008844134901,True
2016-08-27,74.918,77.84718833722978,True
2016-08-28,77.578,82.7184339783802,True
2016-08-29,95.749,94.75100682909493,True
2016-08-30,102.04,98.42281407820505,True
2016-08-31,101.791,98.0642701745836,True
2016-09-01,95.559,92.65620891359124,True
2016-09-02,88.122,87.20090955767239,True
2016-09-03,75.349,78.56199747944805,True
2016-09-04,68.559,73.75094068911399,True
2016-09-05,69.709,83.0826364481374,True
2016-09-06,82.331,86.6087236516679,True
2016-09-07,84.839,86.88628205091307,True
2016-09-08,84.018,85.79574241170663,True
2016-09-09,84.821,87.00903895030552,True
2016-09-10,80.06,83.61031440478006,True
2016-09-11,74.365,77.16013613457648,True
2016-09-12,78.757,79.6874751326525,True
2016-09-13,75.803,78.5311449126837,True
2016-09-14,74.839,82.12618636276409,True
2016-09-15,77.2,83.82479289824069,True
2016-09-16,80.072,83.74721621360125,True
2016-09-17,78.647,81.33071347129318,True
2016-09-18,84.609,86.411480339659,True
2016-09-19,90.585,92.95265656761173,True
2016-09-20,96.458,93.77713272092629,True
2016-09-21,98.734,90.4333160731745,True
2016-09-22,83.688,82.74455245423052,True
2016-09-23,79.52,81.84367342706034,True
2016-09-24,78.559,82.57453473613684,True
2016-09-25,83.921,87.96676980538452,True
2016-09-26,106.033,100.0132639187531,True
2016-09-27,105.938,96.7717051556653,True
2016-09-28,104.64,95.11789149214044,True
2016-09-29,102.832,95.03115438949311,True
2016-09-30,97.573,91.7902033189031,True
2016-10-01,81.347,78.12090274690587,True
2016-10-02,69.841,67.19035247429879,True
2016-10-03,74.578,77.84809023405678,True
2016-10-04,75.582,76.11797872358636,True
2016-10-05,74.86,75.29114459660093,True
2016-10-06,76.605,82.90123237963903,True
2016-10-07,80.718,86.15087396236736,True
2016-10-08,76.116,79.16373193293063,True
2016-10-09,73.701,77.3558485814983,True
2016-10-10,81.983,83.39052966557493,True
2016-10-11,75.918,73.0669725723202,True
2016-10-12,72.76,72.39461509666498,True
2016-10-13,74.15,76.13157337913827,True
2016-10-14,74.412,73.78994194203163,True
2016-10-15,69.421,68.32917189106337,True
2016-10-16,67.902,66.79124076013609,True
2016-10-17,74.983,72.64991522297517,True
2016-10-18,74.225,76.11529732764511,True
2016-10-19,79.131,86.48891062949725,True
2016-10-20,86.221,89.07263972007883,True
2016-10-21,85.661,87.0313460918923,True
2016-10-22,72.213,73.64090109493725,True
2016-10-23,66.605,68.06702761846304,True
2016-10-24,76.275,74.92203615586274,True
2016-10-25,74.742,75.21521736167325,True
2016-10-26,76.035,78.32065134419396,True
2016-10-27,76.063,80.40158873352549,True
2016-10-28,76.192,76.23979529723073,True
2016-10-29,69.848,71.93663747522396,True
2016-10-30,66.693,62.594512592966154,True
2016-10-31,72.447,70.59140489873043,True
2016-11-01,73.235,71.7918590395104,True
2016-11-02,74.827,82.89141415889647,True
2016-11-03,79.107,85.63405584540442,True
2016-11-04,78.415,77.50057602149428,True
2016-11-05,70.542,70.04881830428522,True
2016-11-06,70.275,64.15488020199756,True
2016-11-07,76.744,76.43019199389627,True
2016-11-08,81.491,84.31367006740443,True
2016-11-09,87.098,86.0502743695251,True
2016-11-10,85.884,82.19562417800135,True
2016-11-11,80.471,78.73381011460741,True
2016-11-12,72.341,68.83385343715103,True
2016-11-13,71.212,69.42475239921613,True
2016-11-14,81.358,78.07155908714728,True
2016-11-15,76.872,73.90256021015563,True
2016-11-16,74.526,69.22514245036447,True
2016-11-17,73.964,70.5982448053995,True
2016-11-18,74.116,73.63842595083638,True
2016-11-19,67.466,67.45696982438429,True
2016-11-20,65.814,60.45946776965526,True
2016-11-21,72.638,67.94039743409701,True
2016-11-22,73.36,72.69850408001662,True
2016-11-23,73.118,74.03080705722151,True
2016-11-24,65.804,74.56369029265935,True
2016-11-25,66.952,75.29901712120159,True
2016-11-26,67.354,70.36996126589445,True
2016-11-27,67.01,63.56286788820867,True
2016-11-28,75.085,73.26768203563132,True
2016-11-29,75.186,75.0023093272327,True
2016-11-30,76.212,77.04953248736808,True
2016-12-01,76.056,74.34208737475075,True
2016-12-02,75.878,69.76895656331305,True
2016-12-03,71.591,66.99220782151647,True
2016-12-04,68.488,68.56375054495987,True
2016-12-05,74.097,75.5717668741987,True
2016-12-06,74.283,73.02170296750307,True
2016-12-07,74.898,76.3210906779675,True
2016-12-08,75.498,75.18541152241069,True
2016-12-09,75.116,74.01477599195161,True
2016-12-10,68.923,66.68323011260001,True
2016-12-11,66.907,60.15595374152872,True
2016-12-12,73.517,70.25892077165955,True
2016-12-13,73.782,71.96015864509934,True
2016-12-14,74.464,75.96953581066096,True
2016-12-15,75.75,72.8381950589857,True
2016-12-16,74.73,72.08837342155707,True
2016-12-17,70.966,72.16195656620518,True
2016-12-18,71.052,70.6613286635031,True
2016-12-19,78.356,78.28887471342212,True
2016-12-20,78.284,78.27708563318328,True
2016-12-21,75.616,70.06577377672232,True
2016-12-22,75.322,72.9795397962099,True
2016-12-23,74.478,72.75492277364907,True
2016-12-24,69.852,71.2599806733245,True
2016-12-25,68.676,72.57685006132607,True
2016-12-26,72.152,78.36864187282242,True
2016-12-27,76.256,78.01488875992072,True
2016-12-28,74.015,76.42576831146901,True
2016-12-29,72.815,74.29978297676571,True
2016-12-30,71.652,68.2492803335431,True
2016-12-31,69.268,68.68667519421933,True
2017-01-01,66.94,69.78976395577867,True
2017-01-02,70.779,74.88887608065554,True
2017-01-03,75.469,76.64561234538246,True
2017-01-04,74.983,74.4092848694385,True
2017-01-05,74.04,70.76474065009144,True
2017-01-06,72.329,72.52992385200972,True
2017-01-07,68.404,66.08499186827571,True
2017-01-08,64.489,65.65049078465981,True
2017-01-09,73.297,70.86129163565629,True
2017-01-10,75.676,75.89706194183958,True
2017-01-11,73.722,71.80803677656169,True
2017-01-12,76.167,77.08323508016136,True
2017-01-13,75.569,76.72557582083152,True
2017-01-14,68.546,70.22781060728335,True
2017-01-15,66.745,66.13068924216917,True
2017-01-16,71.985,75.30773644017266,True
2017-01-17,75.782,78.85390438421355,True
2017-01-18,78.435,79.51793243947766,True
2017-01-19,78.279,75.48020189176977,True
2017-01-20,79.96,78.59816573639023,True
2017-01-21,70.67,71.61343643109903,True
2017-01-22,74.135,70.11741287368865,True
2017-01-23,79.657,81.71753949637153,True
2017-01-24,81.761,86.39809772043303,True
2017-01-25,80.644,84.67527007766114,True
2017-01-26,80.553,80.68817043297679,True
2017-01-27,78.204,71.87523686832935,True
2017-01-28,71.062,70.05948802808098,True
2017-01-29,67.547,71.14832748328686,True
2017-01-30,74.435,76.97737195861001,True
2017-01-31,73.483,77.3717862454177,True
2017-02-01,73.434,76.88702099138274,True
2017-02-02,74.234,72.4090404337908,True
2017-02-03,74.757,69.9006803656838,True
2017-02-04,66.796,64.7282844486283,True
2017-02-05,66.801,66.6956428484401,True
2017-02-06,76.155,70.96948494782384,True
2017-02-07,74.843,67.94881977801897,True
2017-02-08,73.457,70.26144993604373,True
2017-02-09,73.592,73.14971966745473,True
2017-02-10,73.501,67.24334100893107,True
2017-02-11,66.947,61.552929314118145,True
2017-02-12,63.622,65.39913204978083,True
2017-02-13,70.828,70.64382256605421,True
2017-02-14,71.042,71.61128002084439,True
2017-02-15,71.581,76.37334325551582,True
2017-02-16,71.896,71.66999769678915,True
2017-02-17,76.321,67.80026784046396,True
2017-02-18,69.05,63.49367373433109,True
2017-02-19,66.453,64.24470466829067,True
2017-02-20,72.587,70.87482646180715,True
2017-02-21,74.444,69.87336296360044,True
2017-02-22,72.707,73.23476728431989,True
2017-02-23,74.496,76.98413312480223,True
2017-02-24,75.328,78.65243343022622,True
2017-02-25,69.842,72.1133892262789,True
2017-02-26,68.941,68.48111084368507,True
2017-02-27,77.564,74.47399537978998,True
2017-02-28,75.434,75.38977677314554,True
2017-03-01,75.988,78.0239019575949,True
2017-03-02,74.797,79.28063704644727,True
2017-03-03,74.451,77.96995894364254,True
2017-03-04,67.033,66.5270402554151,True
2017-03-05,65.816,65.92064708677574,True
2017-03-06,74.267,74.94587382285921,True
2017-03-07,74.075,78.5170937861229,True
2017-03-08,75.488,80.40413512841738,True
2017-03-09,77.941,80.45755188298443,True
2017-03-10,77.025,78.49803696887936,True
2017-03-11,69.691,72.07292975061941,True
2017-03-12,65.844,73.25805801419675,True
2017-03-13,78.459,81.95980268466631,True
2017-03-14,78.878,83.52747138665819,True
2017-03-15,81.684,83.85987780193955,True
2017-03-16,79.921,77.57969796924753,True
2017-03-17,77.999,77.49708737926541,True
2017-03-18,69.995,69.24883266252337,True
2017-03-19,66.667,66.57414706313921,True
2017-03-20,72.625,69.4261768313636,True
2017-03-21,74.193,69.82058953229873,True
2017-03-22,73.338,70.6813795300291,True
2017-03-23,72.149,72.26612901148329,True
2017-03-24,71.553,73.36027592730144,True
2017-03-25,66.065,63.84867843555156,True
2017-03-26,63.069,62.65794769506003,True
2017-03-27,71.487,72.50692143062061,True
2017-03-28,72.82,75.50679583283943,True
2017-03-29,75.307,79.83110914801813,True
2017-03-30,74.46,72.37006857412838,True
2017-03-31,70.653,70.8918290159092,True
2017-04-01,66.749,67.95171231929287,True
2017-04-02,64.844,64.40251907326561,True
2017-04-03,71.013,70.19211508954795,True
2017-04-04,72.47,75.17484181240009,True
2017-04-05,75.955,79.03291714845413,True
2017-04-06,75.623,72.62675703174789,True
2017-04-07,69.732,70.94005902371836,True
2017-04-08,64.493,63.461175119681506,True
2017-04-09,61.816,63.670236668742625,True
2017-04-10,70.473,74.67451053788274,True
2017-04-11,71.149,73.0660674618973,True
2017-04-12,71.601,72.5793281571003,True
2017-04-13,71.216,69.18658432074733,True
2017-04-14,68.682,69.63098562282113,True
2017-04-15,64.996,68.12277736495564,True
2017-04-16,62.696,63.33556913615675,True
2017-04-17,72.715,71.45850566477034,True
2017-04-18,75.728,70.66957306792727,True
2017-04-19,75.623,73.15277440639822,True
2017-04-20,76.213,78.1782952511591,True
2017-04-21,80.929,83.67099924542914,True
2017-04-22,77.852,77.94537304377151,True
2017-04-23,70.841,65.71734692662969,True
2017-04-24,74.756,70.83400394754862,True
2017-04-25,74.284,75.44605121439,True
2017-04-26,78.43,82.06828526011903,True
2017-04-27,79.322,80.06423094652035,True
2017-04-28,77.926,80.26422841972409,True
2017-04-29,72.997,76.19412499399442,True
2017-04-30,72.771,72.5301859909635,True
2017-05-01,83.087,81.64519500528007,True
2017-05-02,84.183,83.20698162606107,True
2017-05-03,85.576,82.37781498357936,True
2017-05-04,84.021,79.50741918995709,True
2017-05-05,76.951,72.96236669253891,True
2017-05-06,67.172,64.76239728474712,True
2017-05-07,63.465,67.34996311341916,True
2017-05-08,71.892,76.98963694183757,True
2017-05-09,73.017,72.60898145904582,True
2017-05-10,73.859,71.48396559645582,True
2017-05-11,75.137,75.93181328978022,True
2017-05-12,74.839,75.2668289989547,True
2017-05-13,66.219,68.81628175205037,True
2017-05-14,63.022,64.99690006254384,True
2017-05-15,70.946,71.41790680395617,True
2017-05-16,72.095,74.3297245092139,True
2017-05-17,72.691,73.4743252628356,True
2017-05-18,74.195,78.00033476023485,True
2017-05-19,78.148,83.75972202856616,True
2017-05-20,80.434,83.99484548368633,True
2017-05-21,81.767,80.38712628354723,True
2017-05-22,87.027,83.34677999835823,True
2017-05-23,86.783,82.96762493819007,True
2017-05-24,80.586,75.51318582077987,True
2017-05-25,73.713,70.50775680999735,True
2017-05-26,72.505,70.95441663585206,True
2017-05-27,65.743,67.59150952687222,True
2017-05-28,65.521,68.25007828410868,True
2017-05-29,67.538,74.01242830244385,True
2017-05-30,75.909,73.69951207643147,True
2017-05-31,75.284,72.19511151437439,True
2017-06-01,77.644,75.7082508848528,True
2017-06-02,81.038,80.39757297711951,True
2017-06-03,77.389,74.39546954704974,True
2017-06-04,74.641,71.48304604455008,True
2017-06-05,81.339,76.99921493464102,True
2017-06-06,78.956,76.62371252998491,True
2017-06-07,77.296,76.36347012219437,True
2017-06-08,77.158,75.67311736822131,True
2017-06-09,78.039,80.08457972069655,True
2017-06-10,69.713,69.17432998537426,True
2017-06-11,65.411,66.39952657372659,True
2017-06-12,73.729,78.90168876756563,True
2017-06-13,78.604,84.15005537198961,True
2017-06-14,84.498,88.87707575035785,True
2017-06-15,89.028,91.41489543667869,True
2017-06-16,93.821,93.79326206731524,True
2017-06-17,87.712,85.92666170567585,True
2017-06-18,85.477,84.4903955993477,True
2017-06-19,96.762,94.3986015535309,True
2017-06-20,100.787,97.13886097545675,True
2017-06-21,102.566,97.70290017097815,True
2017-06-22,92.877,87.48313498855154,True
2017-06-23,88.63,86.91220846014247,True
2017-06-24,77.103,82.66837343613115,True
2017-06-25,84.395,90.58392933171397,True
2017-06-26,104.04,104.11846087135524,True
2017-06-27,99.411,98.8600606426577,True
2017-06-28,89.883,89.12264026812045,True
2017-06-29,84.76,85.80072287217287,True
2017-06-30,82.498,85.42543049095244,True
2017-07-01,75.463,77.79134876200858,True
2017-07-02,73.909,79.66578828526018,True
2017-07-03,84.439,91.41946551096034,True
2017-07-04,80.859,96.73144406424328,True
2017-07-05,92.846,97.90402207553797,True
2017-07-06,98.561,99.62044963893698,True
2017-07-07,108.859,106.69662786628498,True
2017-07-08,106.529,102.1443228350939,True
2017-07-09,103.015,95.4164584361592,True
2017-07-10,114.457,103.38868319466684,True
2017-07-11,107.239,99.03649708046464,True
2017-07-12,101.833,97.52356613238177,True
2017-07-13,99.69,96.73720487533384,True
2017-07-14,97.322,96.16872882218739,True
2017-07-15,92.906,93.31363722566606,True
2017-07-16,92.343,90.74210799293246,True
2017-07-17,102.339,97.4939049884028,True
2017-07-18,101.183,99.32971333268358,True
2017-07-19,102.285,100.55084938858663,True
2017-07-20,102.001,99.88673628666976,True
2017-07-21,97.35,97.43078802613788,True
2017-07-22,90.75,91.92947740640562,True
2017-07-23,89.335,89.38058792923884,True
2017-07-24,93.366,95.4141606511529,True
2017-07-25,93.669,96.24596237782504,True
2017-07-26,96.516,97.45390057133771,True
2017-07-27,99.709,100.09071938002587,True
2017-07-28,95.83,96.2601813638913,True
2017-07-29,88.353,89.44930919946272,True
2017-07-30,85.063,86.84561090482651,True
2017-07-31,92.379,95.15002187668073,True
2017-08-01,100.724,104.86823321562404,True
2017-08-02,110.898,108.78600886874749,True
2017-08-03,113.287,107.27322743749012,True
2017-08-04,108.714,102.01428617253201,True
2017-08-05,92.282,89.45283261812746,True
2017-08-06,86.722,86.09822147323746,True
2017-08-07,96.168,95.6824513766131,True
2017-08-08,98.657,98.90517751672773,True
2017-08-09,96.592,97.08964282949138,True
2017-08-10,97.062,97.70887895482973,True
2017-08-11,96.377,96.98592388124351,True
2017-08-12,87.532,87.41585777426499,True
2017-08-13,83.21,83.78520272749398,True
2017-08-14,87.695,87.64889346162815,True
2017-08-15,83.149,87.2544060669689,True
2017-08-16,84.153,88.90143718701134,True
2017-08-17,86.124,90.50365169809203,True
2017-08-18,86.651,89.86553789578433,True
2017-08-19,78.331,81.7152421088998,True
2017-08-20,74.054,78.41239017121083,True
2017-08-21,84.952,88.95706825130671,True
2017-08-22,87.433,91.86303257855369,True
2017-08-23,85.579,87.54685801877856,True
2017-08-24,84.345,87.5996853834337,True
2017-08-25,85.655,89.0107947703433,True
2017-08-26,86.842,89.83558075227518,True
2017-08-27,87.517,89.04069444478465,True
2017-08-28,105.418,105.26625938722309,True
2017-08-29,115.336,109.72751944779102,True
2017-08-30,120.646,110.61565898919724,True
2017-08-31,127.797,116.01605937851136,True
2017-09-01,128.593,115.31242346440834,True
2017-09-02,118.738,108.44426120507342,True
2017-09-03,110.82,97.76353372429716,True
2017-09-04,95.846,94.27131199031103,True
2017-09-05,101.847,97.96549690160334,True
2017-09-06,100.015,98.66724080432607,True
2017-09-07,96.635,95.39687085181727,True
2017-09-08,92.594,90.84434186550118,True
2017-09-09,84.435,85.20447574176141,True
2017-09-10,89.092,90.0806752778627,True
2017-09-11,103.493,98.37958774997232,True
2017-09-12,99.688,93.900371390723,True
2017-09-13,87.858,85.28848456446563,True
2017-09-14,79.938,83.44153037856542,True
2017-09-15,80.132,83.64989576422606,True
2017-09-16,73.921,76.67356097223833,True
2017-09-17,69.968,73.1789796414971,True
2017-09-18,79.867,80.75902391664806,True
2017-09-19,79.777,82.23203161907429,True
2017-09-20,79.154,82.08483984295309,True
2017-09-21,76.743,78.67029524227205,True
2017-09-22,72.603,77.5041413721442,True
2017-09-23,66.372,71.71287196738443,True
2017-09-24,66.601,74.89430669415412,True
2017-09-25,79.353,85.98294254592025,True
2017-09-26,82.153,86.1895237558077,True
2017-09-27,84.157,87.69102924040256,True
2017-09-28,86.244,91.11057742065812,True
2017-09-29,88.043,90.3930221864031,True
2017-09-30,76.869,75.13561831847278,True
2017-10-01,71.892,68.76499723101576,True
2017-10-02,78.09,76.36545088832366,True
2017-10-03,76.004,75.22652521051667,True
2017-10-04,75.805,79.57010892689658,True
2017-10-05,77.697,82.08431279239515,True
2017-10-06,82.92,88.13249743296097,True
2017-10-07,80.525,82.34309274050845,True
2017-10-08,70.554,68.34522306707453,True
2017-10-09,79.73,81.45984658180417,True
2017-10-10,78.857,82.60816107147615,True
2017-10-11,77.53,76.38144923045893,True
2017-10-12,76.083,74.29878963843281,True
2017-10-13,75.766,76.33536635067694,True
2017-10-14,70.157,76.0448158507686,True
2017-10-15,71.832,77.42595728292186,True
2017-10-16,85.53,90.66018048929013,True
2017-10-17,89.22,90.60339135593594,True
2017-10-18,87.151,85.24460168710411,True
2017-10-19,80.38,76.03771601780895,True
2017-10-20,76.483,74.0246521328325,True
2017-10-21,67.427,70.17351908087608,True
2017-10-22,71.46,75.72395362244018,True
2017-10-23,95.328,94.18160917802683,True
2017-10-24,109.098,107.39044646070396,True
2017-10-25,102.929,93.75661188747482,True
2017-10-26,90.678,87.09596970658797,True
2017-10-27,83.816,82.43380082904586,True
2017-10-28,73.339,70.94515828331245,True
2017-10-29,66.094,61.75202493091962,True
2017-10-30,72.738,69.01484708444265,True
2017-10-31,72.084,69.70225442308349,True
2017-11-01,72.498,70.82432882894022,True
2017-11-02,71.861,67.38859514350223,True
2017-11-03,70.608,68.22027464952173,True
2017-11-04,65.425,63.5736915307693,True
2017-11-05,65.659,58.74285076227626,True
2017-11-06,71.042,69.28798148168464,True
2017-11-07,71.944,71.48111099765624,True
2017-11-08,72.31,71.70904238550298,True
2017-11-09,71.787,68.27035497618225,True
2017-11-10,68.832,67.89681313155228,True
2017-11-11,64.424,63.699633035027375,True
2017-11-12,62.188,59.39264175237601,True
2017-11-13,69.197,70.69395526994835,True
2017-11-14,70.999,73.6025324640149,True
2017-11-15,71.415,72.50945833331947,True
2017-11-16,72.401,72.33523976154395,True
2017-11-17,72.35,68.87288848415336,True
2017-11-18,64.121,65.14172049447546,True
2017-11-19,61.099,61.976169864909714,True
2017-11-20,69.477,71.5317000312577,True
2017-11-21,73.688,80.11005410772921,True
2017-11-22,78.452,82.68252231804105,True
2017-11-23,72.299,80.34219128597256,True
2017-11-24,69.603,76.59393933790821,True
2017-11-25,67.293,68.22886967704738,True
2017-11-26,63.148,60.14264408070059,True
2017-11-27,70.354,66.81776509180165,True
2017-11-28,71.461,73.80168605400674,True
2017-11-29,72.35,71.88757008709598,True
2017-11-30,72.584,75.79816844293144,True
2017-12-01,72.156,72.76503130116932,True
2017-12-02,66.498,65.7556834160859,True
2017-12-03,64.46,61.84034966650472,True
2017-12-04,72.973,71.0590649863316,True
2017-12-05,73.513,68.56648799563541,True
2017-12-06,74.274,74.47948817194526,True
2017-12-07,74.585,77.50055075947725,True
2017-12-08,74.68,73.55744023744,True
2017-12-09,69.67,70.93023176596084,True
2017-12-10,66.735,67.0855514561824,True
2017-12-11,74.129,74.2566744765335,True
2017-12-12,74.883,78.30584998798075,True
2017-12-13,74.899,77.59019676588156,True
2017-12-14,74.712,78.9139410947117,True
2017-12-15,73.876,74.47334293817298,True
2017-12-16,66.147,62.34940733389897,True
2017-12-17,64.235,59.43934688892918,True
2017-12-18,73.07,73.14288308825496,True
2017-12-19,74.023,72.13036274025254,True
2017-12-20,74.83,74.79512227661331,True
2017-12-21,74.688,72.96157926495893,True
2017-12-22,73.936,75.54324197110257,True
2017-12-23,68.856,66.76663737103424,True
2017-12-24,64.435,63.81890348964593,True
2017-12-25,63.243,72.25776495862705,True
2017-12-26,70.169,72.73183622763062,True
2017-12-27,71.509,74.72608435778301,True
2017-12-28,70.752,76.21757726479032,True
2017-12-29,69.835,74.20379516917248,True
2017-12-30,64.584,65.28785260227603,True
2017-12-31,63.276,60.84146089231968,True
2018-01-01,63.441,71.2700158486752,True
2018-01-02,70.65,71.90268801978394,True
2018-01-03,72.931,69.58062713079796,True
2018-01-04,72.905,70.33137142031224,True
2018-01-05,72.849,68.43425314895549,True
2018-01-06,66.402,59.44096984116108,True
2018-01-07,63.397,62.0423960012211,True
2018-01-08,73.442,64.17626638423809,True
2018-01-09,75.86,70.40528586584284,True
2018-01-10,74.059,72.48353609523927,True
2018-01-11,73.195,73.20398867047896,True
2018-01-12,77.12,73.95780894618555,True
2018-01-13,67.125,68.68393944771468,True
2018-01-14,64.357,65.51681520531986,True
2018-01-15,70.07,72.05159576810068,True
2018-01-16,72.411,71.62329034463153,True
2018-01-17,73.825,75.54314972405378,True
2018-01-18,73.826,73.01381273593543,True
2018-01-19,72.451,68.18407492166017,True
2018-01-20,67.118,66.14929787514035,True
2018-01-21,66.936,66.95080045792083,True
2018-01-22,73.616,74.67130792758343,True
2018-01-23,73.182,76.59514536903944,True
2018-01-24,72.325,75.07561901951253,True
2018-01-25,72.646,72.7834806605018,True
2018-01-26,72.563,72.7907779175094,True
2018-01-27,67.026,67.19306260677834,True
2018-01-28,64.787,73.8510809104472,True
2018-01-29,74.038,79.93807235837482,True
2018-01-30,73.197,73.94107900740735,True
2018-01-31,72.444,74.5544692641261,True
2018-02-01,72.706,75.83793377669076,True
2018-02-02,73.532,75.63139234786567,True
2018-02-03,68.115,67.29292194798634,True
2018-02-04,66.284,64.88484426286261,True
2018-02-05,73.347,70.50119869484234,True
2018-02-06,73.08,71.23270489650729,True
2018-02-07,74.039,74.22547407269519,True
2018-02-08,74.851,74.9139833840581,True
2018-02-09,72.252,69.61579429001489,True
2018-02-10,65.438,59.22948285450392,True
2018-02-11,62.675,60.43158532526677,True
2018-02-12,69.222,67.23332586416909,True
2018-02-13,71.013,69.0005380736292,True
2018-02-14,71.802,67.65286438403203,True
2018-02-15,70.546,69.19475107653447,True
2018-02-16,70.788,69.80401621257982,True
2018-02-17,63.787,65.35705499543955,True
2018-02-18,60.875,60.66290266289637,True
2018-02-19,68.518,73.4846733928765,True
2018-02-20,74.836,76.75992467745621,True
2018-02-21,74.583,74.43279770572276,True
2018-02-22,76.05,76.27048188136997,True
2018-02-23,76.258,76.13541077911691,True
2018-02-24,70.54,69.5614114278843,True
2018-02-25,66.66,63.50009108540258,True
2018-02-26,72.202,72.57678117625123,True
2018-02-27,75.425,78.52695123946155,True
2018-02-28,75.39,76.44177299901962,True
2018-03-01,73.679,72.9055692580625,True
2018-03-02,75.628,72.94696607175504,True
2018-03-03,69.397,67.13029206228347,True
2018-03-04,64.815,65.61367843923315,True
2018-03-05,72.087,73.31534193586157,True
2018-03-06,71.243,75.4456718578106,True
2018-03-07,71.431,71.60761426344537,True
2018-03-08,71.235,72.56367380396215,True
2018-03-09,70.503,69.94929621988008,True
2018-03-10,67.789,60.05599757332057,True
2018-03-11,61.222,57.56066123283476,True
2018-03-12,71.252,69.58515945435784,True
2018-03-13,72.517,66.33255389448337,True
2018-03-14,70.476,67.7094089648786,True
2018-03-15,69.655,69.16096112761778,True
2018-03-16,71.329,71.25046287569063,True
2018-03-17,65.316,64.81785821482374,True
2018-03-18,63.738,62.7917560636631,True
2018-03-19,70.294,71.9775073504423,True
2018-03-20,70.67,70.22436368528707,True
2018-03-21,72.659,67.02217072070857,True
2018-03-22,73.331,66.09475453443636,True
2018-03-23,69.104,67.3704615891634,True
2018-03-24,62.665,61.52118364047196,True
2018-03-25,59.76,59.57300256234093,True
2018-03-26,68.451,70.3264420039898,True
2018-03-27,69.872,72.31378113395729,True
2018-03-28,69.872,72.62648774682738,True
2018-03-29,69.48,72.85354406566802,True
2018-03-30,68.504,73.03579630606477,True
2018-03-31,62.568,64.00589100231412,True
2018-04-01,58.778,59.02822453797515,True
2018-04-02,67.279,65.99460479493541,True
2018-04-03,67.999,68.85145140972487,True
2018-04-04,68.111,69.26507684703182,True
2018-04-05,68.32,67.60628288969144,True
2018-04-06,68.333,68.10370800073453,True
2018-04-07,63.511,60.695991475801705,True
2018-04-08,61.349,61.58369918585754,True
2018-04-09,77.59,82.25822031369117,True
2018-04-10,79.559,80.55224480072962,True
2018-04-11,74.692,71.26968312450396,True
2018-04-12,67.03,65.57438296125801,True
2018-04-13,68.565,72.3023533558884,True
2018-04-14,66.213,69.44193388594262,True
2018-04-15,61.605,60.58696903622947,True
2018-04-16,66.963,66.0105067866312,True
2018-04-17,68.623,69.54859388834198,True
2018-04-18,68.692,70.07724969525033,True
2018-04-19,67.231,68.26555813175618,True
2018-04-20,67.994,69.4419570394069,True
2018-04-21,64.527,72.49427769415529,True
2018-04-22,63.85,66.56046638600809,True
2018-04-23,75.424,70.23369383841725,True
2018-04-24,71.997,72.00795802418445,True
2018-04-25,70.836,71.8199481552608,True
2018-04-26,70.652,70.8392931919877,True
2018-04-27,69.74,69.18834154575275,True
2018-04-28,63.784,62.76517368274561,True
2018-04-29,61.352,59.738501135535614,True
2018-04-30,68.801,66.83604162052988,True
2018-05-01,70.153,70.27181307256214,True
2018-05-02,68.934,69.35440235674413,True
2018-05-03,69.997,73.33593299016327,True
2018-05-04,76.508,83.02689475359567,True
2018-05-05,74.197,80.48335084701276,True
2018-05-06,70.096,71.90623880799915,True
2018-05-07,74.438,76.13343559905269,True
2018-05-08,75.143,76.25210612513456,True
2018-05-09,76.577,76.09741570757403,True
2018-05-10,75.569,74.1152392395104,True
2018-05-11,70.654,66.98313948231151,True
2018-05-12,62.874,61.86235328521303,True
2018-05-13,60.285,60.097719587778684,True
2018-05-14,67.455,70.72050050779676,True
2018-05-15,69.058,72.01587941878033,True
2018-05-16,70.362,74.2607611102145,True
2018-05-17,70.616,71.40573021230529,True
2018-05-18,69.117,68.67900735920372,True
2018-05-19,63.084,62.24254395452676,True
2018-05-20,61.47,59.632704670895876,True
2018-05-21,68.926,65.83236344257107,True
2018-05-22,69.411,68.39087573785868,True
2018-05-23,70.284,68.69414037635129,True
2018-05-24,70.427,67.20681862510898,True
2018-05-25,68.842,68.35707756984381,True
2018-05-26,62.131,63.29610424345888,True
2018-05-27,60.722,62.175280391751635,True
2018-05-28,65.296,72.78528715285611,True
2018-05-29,72.574,70.47857479440044,True
2018-05-30,70.598,68.62790936196633,True
2018-05-31,70.924,69.90254431047683,True
2018-06-01,72.233,74.06975809676183,True
2018-06-02,70.354,71.08570022560625,True
2018-06-03,71.603,70.29089882318755,True
2018-06-04,78.859,75.69393360734998,True
2018-06-05,75.496,72.71353441270524,True
2018-06-06,73.603,72.97976831936232,True
2018-06-07,74.059,75.74616348850793,True
2018-06-08,78.748,81.88736018126315,True
2018-06-09,74.822,75.39803773687663,True
2018-06-10,70.839,72.39257064870397,True
2018-06-11,83.215,84.77143774756706,True
2018-06-12,85.265,86.3691569565022,True
2018-06-13,86.108,86.85742844429373,True
2018-06-14,84.291,85.15105360669634,True
2018-06-15,80.033,81.77900921828245,True
2018-06-16,66.32,67.55310050568517,True
2018-06-17,68.206,63.41628617424725,True
2018-06-18,72.99,76.20774321189096,True
2018-06-19,78.131,80.30766283243217,True
2018-06-20,81.978,82.5171053127413,True
2018-06-21,85.852,83.11196943337693,True
2018-06-22,86.407,83.21855384123788,True
2018-06-23,74.935,72.43269492425296,True
2018-06-24,70.627,70.0491409424583,True
2018-06-25,82.883,82.44841210470805,True
2018-06-26,84.441,83.62882342341906,True
2018-06-27,86.471,85.2189671683328,True
2018-06-28,83.593,81.94203752367825,True
2018-06-29,85.32,80.46823581042955,True
2018-06-30,77.076,75.16653155220237,True
2018-07-01,77.581,75.29074665817126,False
2018-07-02,87.28,83.27232792186174,False
2018-07-03,84.856,82.79406421478706,False
2018-07-04,75.543,85.4969662860043,False
2018-07-05,87.306,97.47247866624802,False
2018-07-06,103.731,116.84324630560391,False
2018-07-07,101.339,105.0674105095668,False
2018-07-08,95.575,97.00621564844407,False
2018-07-09,103.173,102.14720472994641,False
2018-07-10,114.202,98.08701817354765,False
2018-07-11,110.743,98.80481813582367,False
2018-07-12,108.563,96.81812781779053,False
2018-07-13,105.711,95.95209973331552,False
2018-07-14,97.008,89.09147961719432,False
2018-07-15,94.867,86.89930643064619,False
2018-07-16,102.935,93.29506653771139,False
2018-07-17,102.006,92.30792928275774,False
2018-07-18,102.034,93.65943237759316,False
2018-07-19,106.098,96.25277541957776,False
2018-07-20,104.411,94.95130397587333,False
2018-07-21,94.944,87.6731744403574,False
2018-07-22,95.109,91.81371815670033,False
2018-07-23,114.362,104.80315835389186,False
2018-07-24,121.05,106.58948433226378,False
2018-07-25,120.66,104.08774345607017,False
2018-07-26,114.95,99.22483209170628,False
2018-07-27,110.318,100.1808706392623,False
2018-07-28,98.736,88.14105422976762,False
2018-07-29,98.929,91.86623898136297,False
2018-07-30,109.803,102.38373940031241,False
2018-07-31,112.094,103.57202721818199,False
2018-08-01,112.679,102.87838582736761,False
2018-08-02,113.872,100.57655750572415,False
2018-08-03,113.823,101.07282913824588,False
2018-08-04,103.672,92.4448638463108,False
2018-08-05,97.748,89.19728972180926,False
2018-08-06,110.691,103.4155632090175,False
2018-08-07,118.574,105.73002611596604,False
2018-08-08,116.421,103.60774059432356,False
2018-08-09,116.244,103.55453548312168,False
2018-08-10,113.269,100.23583203176622,False
2018-08-11,106.841,92.19152395213206,False
2018-08-12,98.987,85.80443670607676,False
2018-08-13,101.312,91.79690464062493,False
2018-08-14,100.811,91.26897483448994,False
2018-08-15,102.669,91.60135361041692,False
2018-08-16,108.541,93.04952173250787,False
2018-08-17,111.506,93.90019163355447,False
2018-08-18,97.15,85.79115669250439,False
2018-08-19,96.485,83.92684231016102,False
2018-08-20,103.241,90.53475543341332,False
2018-08-21,102.933,91.35449575540748,False
2018-08-22,101.418,92.05462279159131,False
2018-08-23,98.774,90.37471311782127,False
2018-08-24,93.453,87.20166593215922,False
2018-08-25,85.024,80.01615656908612,False
2018-08-26,82.212,76.95850159723422,False
2018-08-27,88.97,84.23121254845128,False
2018-08-28,87.265,86.61113522175498,False
2018-08-29,92.722,91.51141772625144,False
2018-08-30,92.772,92.22076448077304,False
2018-08-31,90.802,91.1109408998216,False
2018-09-01,81.45,79.68810019197501,False
2018-09-02,76.654,76.61856394326013,False
2018-09-03,79.642,85.70840036354178,False
2018-09-04,87.956,86.17016965180902,False
2018-09-05,85.099,84.49195437193112,False
2018-09-06,86.295,85.37410251838702,False
2018-09-07,91.12,88.62176742832722,False
2018-09-08,92.751,89.31351068285473,False
2018-09-09,88.401,85.14944946003484,False
2018-09-10,94.335,87.98031579412577,False
2018-09-11,91.66,85.99380521174143,False
2018-09-12,89.724,85.46932057574196,False
2018-09-13,90.691,89.55882393851677,False
2018-09-14,92.409,93.05586936281139,False
2018-09-15,83.286,82.67065207048726,False
2018-09-16,80.225,79.37823690505422,False
2018-09-17,86.523,85.96592036232796,False
2018-09-18,84.909,84.37708564596265,False
2018-09-19,82.631,82.49373857973886,False
2018-09-20,84.814,81.21362612561049,False
2018-09-21,87.443,83.71932745886518,False
2018-09-22,82.648,78.9754930814266,False
2018-09-23,76.963,72.29002442580462,False
2018-09-24,81.393,75.20881734500018,False
2018-09-25,78.912,74.35493077338664,False
2018-09-26,85.022,80.52829228258284,False
2018-09-27,87.459,83.95642456273542,False
2018-09-28,85.758,78.12379948635441,False
2018-09-29,76.114,70.90808285797388,False
2018-09-30,74.144,71.92593199578803,False
2018-10-01,92.061,88.30972816847171,False
2018-10-02,89.376,82.63006792075154,False
2018-10-03,82.387,76.85908340892564,False
2018-10-04,81.485,74.83327477652134,False
2018-10-05,78.149,73.93160429061784,False
2018-10-06,69.616,65.92159463442002,False
2018-10-07,64.739,63.35695034798681,False
2018-10-08,71.999,71.58955960735335,False
2018-10-09,73.343,71.3695321240938,False
2018-10-10,70.859,70.00125756908741,False
2018-10-11,69.992,71.12582770969465,False
2018-10-12,72.882,75.2787250089148,False
2018-10-13,65.233,62.15098672205798,False
2018-10-14,62.037,60.792517977087236,False
2018-10-15,69.749,75.61160817446203,False
2018-10-16,70.043,78.57685461617143,False
2018-10-17,70.695,76.51062271332214,False
2018-10-18,72.194,78.6909142011899,False
2018-10-19,75.318,80.9722869307808,False
2018-10-20,70.602,74.51007567823937,False
2018-10-21,66.131,65.39566118861713,False
2018-10-22,73.407,70.41701851766986,False
2018-10-23,73.088,72.9812218207051,False
2018-10-24,74.005,74.06373179822587,False
2018-10-25,74.655,73.91325159379002,False
2018-10-26,75.522,79.52535188851854,False
2018-10-27,69.246,70.84187567193399,False
2018-10-28,64.488,65.65641150696008,False
2018-10-29,71.23,71.7628226079695,False
2018-10-30,70.897,69.19464678590754,False
2018-10-31,70.348,73.30403824290522,False
2018-11-01,70.81,75.03792751736601,False
2018-11-02,73.897,77.38316198639781,False
2018-11-03,68.974,70.69245147743487,False
2018-11-04,67.878,64.56964175420399,False
2018-11-05,71.578,68.87014344023065,False
2018-11-06,72.316,67.84026163822742,False
2018-11-07,70.538,65.40282433332298,False
2018-11-08,69.682,71.33852597445514,False
2018-11-09,69.027,73.15674300288548,False
2018-11-10,62.493,64.53964808935363,False
2018-11-11,60.28,63.20578651365842,False
2018-11-12,66.996,71.31317397299023,False
2018-11-13,69.145,70.31161289979948,False
2018-11-14,70.395,69.68508795941214,False
2018-11-15,70.364,71.96558014368982,False
2018-11-16,70.727,68.65023599664154,False
2018-11-17,65.052,60.028936041346306,False
2018-11-18,62.065,58.88579425319027,False
2018-11-19,69.286,67.78889711859611,False
2018-11-20,69.057,68.18722732892567,False
2018-11-21,68.652,66.27500154803744,False
2018-11-22,61.38,64.45231196970558,False
2018-11-23,63.041,66.52556144752373,False
2018-11-24,63.337,59.06893082458363,False
2018-11-25,61.294,59.41312666866698,False
2018-11-26,69.467,68.79392234398647,False
2018-11-27,70.338,68.66755233758329,False
2018-11-28,70.48,66.72096979170223,False
2018-11-29,70.585,65.41144474455845,False
2018-11-30,69.153,66.4864144065626,False
2018-12-01,64.44,60.843732156332386,False
2018-12-02,62.795,59.27252749923484,False
2018-12-03,71.204,69.25708498720283,False
2018-12-04,71.937,70.86380931949475,False
2018-12-05,74.117,70.91512659660496,False
2018-12-06,76.74,75.1828768764935,False
2018-12-07,72.781,70.54671785849075,False
2018-12-08,66.307,63.80568685614832,False
2018-12-09,64.119,60.51091935246436,False
2018-12-10,71.27,66.54761938772369,False
2018-12-11,71.604,71.39292635367946,False
2018-12-12,72.072,71.03733712897761,False
2018-12-13,72.48,73.50180919823579,False
2018-12-14,72.432,67.4030523629121,False
2018-12-15,66.45,65.88151835316302,False
2018-12-16,64.283,62.051224126928375,False
2018-12-17,70.597,65.77037740932467,False
2018-12-18,70.819,68.92106668182147,False
2018-12-19,71.387,72.37533856943459,False
2018-12-20,71.056,71.65256598064795,False
2018-12-21,69.63,66.56732997925046,False
2018-12-22,64.338,62.60549204473884,False
2018-12-23,62.467,59.87404476152146,False
2018-12-24,64.455,67.58673048004151,False
2018-12-25,59.437,65.48564946954751,False
2018-12-26,66.917,66.63921050019043,False
2018-12-27,69.49,70.9018597428652,False
2018-12-28,71.068,68.38294131242404,False
2018-12-29,68.239,67.0429413320175,False
2018-12-30,65.014,62.583142192900524,False
2018-12-31,68.279,68.09971732071487,False
2019-01-01,66.469,70.91358521392345,False
2019-01-02,74.406,74.15388345921983,False
2019-01-03,74.665,72.85830649548454,False
2019-01-04,75.629,71.78857705098088,False
2019-01-05,71.496,65.27651066106431,False
2019-01-06,65.792,61.23896240728596,False
2019-01-07,74.161,68.07574216460762,False
2019-01-08,72.858,69.13853410094525,False
2019-01-09,71.741,69.35462546277482,False
2019-01-10,71.736,69.76870395992889,False
2019-01-11,72.33,70.88441498006813,False
2019-01-12,68.292,65.02156742953093,False
2019-01-13,65.89,63.005865277119476,False
2019-01-14,77.459,71.4634209105878,False
2019-01-15,77.929,72.60276760673801,False
2019-01-16,76.841,68.29264219511875,False
2019-01-17,79.211,65.26892387072151,False
2019-01-18,72.453,68.43079928355222,False
2019-01-19,65.303,65.49828764055765,False
2019-01-20,63.825,61.44850771746702,False
2019-01-21,74.546,68.48439376468292,False
2019-01-22,73.001,69.62079034867814,False
2019-01-23,72.965,73.77492237185452,False
2019-01-24,72.204,74.11202077825538,False
2019-01-25,70.987,73.7357539772373,False
2019-01-26,64.923,64.45394275142368,False
2019-01-27,63.575,62.816560460421194,False
2019-01-28,69.926,69.70476115894161,False
2019-01-29,69.887,66.9524595665029,False
2019-01-30,69.649,67.10103656827653,False
2019-01-31,73.136,68.41770758269746,False
2019-02-01,71.682,69.13831668017187,False
2019-02-02,68.59,62.93304915913779,False
2019-02-03,67.93,60.780022765304686,False
2019-02-04,71.9,69.13063557855989,False
2019-02-05,73.576,74.45571504709888,False
2019-02-06,76.975,75.47990949873876,False
2019-02-07,77.385,74.46251065666604,False
2019-02-08,75.958,73.08143032554909,False
2019-02-09,68.28,64.85947024744699,False
2019-02-10,68.062,64.01407898859054,False
2019-02-11,75.427,73.17765828276009,False
2019-02-12,75.657,71.43126106900952,False
2019-02-13,76.61,68.55789924499125,False
2019-02-14,75.926,64.36292890902354,False
2019-02-15,73.487,69.95947203795812,False
2019-02-16,66.705,63.77569817773916,False
2019-02-17,66.955,65.65019014402264,False
2019-02-18,72.876,73.90409670448958,False
2019-02-19,75.467,73.31308664998828,False
2019-02-20,78.459,76.95713219180479,False
2019-02-21,78.025,76.90727351171238,False
2019-02-22,77.058,71.94704859805898,False
2019-02-23,69.677,66.947978869664,False
2019-02-24,63.782,62.33041166708996,False
2019-02-25,69.718,68.60348539222608,False
2019-02-26,70.827,69.84478144248315,False
2019-02-27,70.087,66.80608040006923,False
2019-02-28,71.003,65.42271188963392,False
2019-03-01,67.873,64.83571478077329,False
2019-03-02,67.401,58.730210579547425,False
2019-03-03,62.834,56.21600907630224,False
2019-03-04,67.08,66.0303528719137,False
2019-03-05,69.563,67.80916993956441,False
2019-03-06,71.836,67.74802795196759,False
2019-03-07,68.74,68.14683705976273,False
2019-03-08,68.28,70.5106856402195,False
2019-03-09,64.409,66.185955258281,False
2019-03-10,60.477,63.56188027736499,False
2019-03-11,70.098,67.94947356342436,False
2019-03-12,67.257,67.62594700088404,False
2019-03-13,66.515,67.51842650661557,False
2019-03-14,66.355,70.36134901593029,False
2019-03-15,66.194,72.22476268966608,False
2019-03-16,63.209,66.35884859006035,False
2019-03-17,61.419,65.1810033053043,False
2019-03-18,67.752,69.90201159349888,False
2019-03-19,67.482,66.22411160719801,False
2019-03-20,66.759,65.71570115630622,False
2019-03-21,68.047,69.68758542155555,False
2019-03-22,68.183,69.36025920829786,False
2019-03-23,63.765,58.863627594491184,False
2019-03-24,61.67,59.678646222576965,False
2019-03-25,67.173,69.84806775206214,False
2019-03-26,67.943,69.53370324406231,False
2019-03-27,68.477,67.23579269501215,False
2019-03-28,67.461,66.63102885043469,False
2019-03-29,66.302,68.08400460502017,False
2019-03-30,60.97,65.88069213064153,False
2019-03-31,59.765,64.16928133526946,False
2019-04-01,67.726,71.33647899497478,False
2019-04-02,66.306,64.20318933469828,False
2019-04-03,65.363,64.5294249707566,False
2019-04-04,65.635,64.70708276215859,False
2019-04-05,65.807,63.769884778628416,False
2019-04-06,60.525,58.700834988050865,False
2019-04-07,60.472,63.187796884306515,False
2019-04-08,71.787,75.03665852699685,False
2019-04-09,69.086,68.5707152103242,False
2019-04-10,67.728,67.6077050018117,False
2019-04-11,66.553,67.15711987928675,False
2019-04-12,65.428,67.05506474150694,False
2019-04-13,63.766,63.31331612073412,False
2019-04-14,61.597,57.69426320197144,False
2019-04-15,64.188,64.2769327625459,False
2019-04-16,65.914,62.900981308855904,False
2019-04-17,67.185,68.97550409073223,False
2019-04-18,71.244,75.1332081610432,False
2019-04-19,68.734,67.09826851966258,False
2019-04-20,62.308,55.657469818596844,False
2019-04-21,60.64,55.29683999456995,False
2019-04-22,67.091,68.17508695174142,False
2019-04-23,72.413,71.81006696886946,False
2019-04-24,73.463,70.63917742905973,False
2019-04-25,73.895,70.04101830132556,False
2019-04-26,71.856,66.56747604309679,False
2019-04-27,66.178,57.92571109224281,False
2019-04-28,62.739,55.202968097849464,False
2019-04-29,66.674,64.21356680444626,False
2019-04-30,67.19,65.70550716366421,False
2019-05-01,66.12,68.60614020034055,False
2019-05-02,68.431,68.51762178936177,False
2019-05-03,69.016,69.76396917002383,False
2019-05-04,61.934,62.09058070050058,False
2019-05-05,60.247,57.63914637019823,False
2019-05-06,66.579,65.75141295899273,False
2019-05-07,65.805,65.83315832510434,False
2019-05-08,66.674,65.51650878592883,False
2019-05-09,67.781,65.34054276315271,False
2019-05-10,66.956,66.27662525132108,False
2019-05-11,63.591,63.40011380254869,False
2019-05-12,64.464,60.96077808915604,False
2019-05-13,72.173,67.41182248390601,False
2019-05-14,74.554,69.49905069378026,False
2019-05-15,70.736,66.35353707440801,False
2019-05-16,71.096,67.39442589875746,False
2019-05-17,69.752,70.57935646234402,False
2019-05-18,63.071,62.020509225160744,False
2019-05-19,60.791,60.080463594241756,False
2019-05-20,65.879,68.46194481930682,False
2019-05-21,64.938,66.77843220625857,False
2019-05-22,65.855,66.25947933068572,False
2019-05-23,65.414,66.89021665305579,False
2019-05-24,65.121,71.00058695520632,False
2019-05-25,61.755,61.416806822824995,False
2019-05-26,59.019,58.545699792731725,False
2019-05-27,62.083,68.38343975773307,False
2019-05-28,67.608,69.90255872664065,False
2019-05-29,69.578,71.73419259127627,False
2019-05-30,70.903,71.40875866913693,False
2019-05-31,69.815,68.11273024081238,False
2019-06-01,64.444,58.04860039050028,False
2019-06-02,62.012,56.62262779689105,False
2019-06-03,67.515,67.49081358403497,False
2019-06-04,70.619,70.32258755374424,False
2019-06-05,72.34,72.25323272581669,False
2019-06-06,73.32,72.58149860911045,False
2019-06-07,71.411,71.17308814638645,False
2019-06-08,69.193,69.58772453778826,False
2019-06-09,74.59,75.11415913267362,False
2019-06-10,91.181,93.23142350151353,False
2019-06-11,96.746,92.28299913734519,False
2019-06-12,88.764,83.84140913002017,False
2019-06-13,76.126,74.16352629438192,False
2019-06-14,71.532,72.65733002086483,False
2019-06-15,65.737,67.15238842532601,False
2019-06-16,64.03,64.25283549584759,False
2019-06-17,69.511,72.34791308974606,False
2019-06-18,70.626,74.12713290457637,False
2019-06-19,72.887,77.94159540382873,False
2019-06-20,71.18,74.77463750503941,False
2019-06-21,67.918,72.27027739369785,False
2019-06-22,63.135,69.40171707178601,False
2019-06-23,63.512,68.94910442966957,False
2019-06-24,70.727,74.80628704429269,False
2019-06-25,69.282,75.02520284574122,False
2019-06-26,70.169,75.62301487116044,False
2019-06-27,73.327,78.05425814833524,False
2019-06-28,74.531,80.65421319121592,False
2019-06-29,68.743,77.89382566945483,False
2019-06-30,69.923,78.15217702324342,False
2019-07-01,81.176,86.13889135346437,False
